[
  {
    "addressType": "PRIMARY",
    "fromDate": "2023-08-22",
    "toDate": "",
    "addressDetails": {
      "addressLine": "200 I ST SE",
      "city": "WASHINGTON",
      "state": "DC",
      "zipCode": "20003-3317",
      "country": "UNITED STATES",
      "isValidate": true
    },
    "residencyCertification": {
      "isCertification": "YES",
      "certifiedInfo": {
        "certifierFullName": "John Doe",
        "dateOfBirth": "12/29/1980",
        "driverLicense": "1234567890",
        "expirationDate": "04/21/2030"
      }
    }
    
  },
  {
    "addressType": "TEMPORARY",
    "fromDate": "05/11/2023",
    "toDate": "06/10/2023",
    "addressDetails": {
      "addressLine": "795 S. PENNSYLVANIA DR.",
      "city": "WASHINGTON",
      "state": "DC",
      "zipCode": "20554-0001",
      "country": "UNITED STATES",
      "isValidate": true
    }
  },
  {
    "addressType": "TEMPORARY",
    "fromDate": "09/09/2022",
    "toDate": "10/08/2022",
    "addressDetails": {
      "addressLine": "615 SOUTH ADDISON DRIVE",
      "city": "WASHINGTON",
      "state": "DC",
      "zipCode": "20470-0001",
      "country": "UNITED STATES",
      "isValidate": true
    }
  }
]