{
    "initialData": {
        "registerToVoteColumbia": "",
        "reasonForForm": "",
        "pollWorker": "",
        "language": "",
        "partyAffiliation": "",
        "otherParty": "",
        "disableAssistanceRequired": null,
        "disableAssistanceReason": "",
        "lastNameUsed": "",
        "mailingAddress": {
            "addressLine": "",
            "city": "",
            "state": "",
            "zipCode": "",
            "country": ""
        },
        "lastAddress": {
            "addressLine": "",
            "city": "",
            "state": "",
            "zipCode": "",
            "country": ""
        },
        "userConditions": [
            {
                "name": "I am a U.S. Citizen"
            },
            {
                "name": "I am at least 16 years old"
            },
            {
                "name": "I live in the District of Columbia at the above mailing address"
            },
            {
                "name": "I do not claim voting residence outside of the DC"
            },
            {
                "name": "I have not been found by a court to be legally incompetent to vote"
            }
        ]
    },
    "primaryAddresses": {
        "city": "WASHINGTON",
        "state": "DISTRICT OF COLUMBIA",
        "country": "UNITED STATES", 
        "addressLine": "200 I ST SE"
    },
    "defaultAddress": {
        "city": "WASHINGTON",
        "state": "DISTRICT OF COLUMBIA",
        "country": "UNITED STATES", 
        "addressLine": ""
    },
    "languageList": [
        "AMHARIC",
        "ARMENIAN",
        "ARABIC",
        "CANTONESE",
        "ENGLISH",
        "FRENCH",
        "GERMAN",
        "HMONG",
        "HINDI",
        "ITALIAN",
        "JAPANESE",
        "CAMBODIAN",
        "KOREAN",
        "LAOTIAN",
        "MANDARIN",
        "POLISH",
        "PORTUGUESE",
        "RUSSIAN",
        "SPANISH",
        "TAGALOG",
        "THAI",
        "VIETNAMESE"
    ],
    "optionList": [
        "YES",
        "NO"
    ],
    "reasonForFormList": [
        "New Registration",
        "Party Change",
        "Address Change",
        "Name Change",
        "Unknown"
    ],
    "partyList": [
        "Democratic",
        "Libertarian",
        "No Party Independent",
        "Other",
        "Republican",
        "State Green Party",
        "Unknown"
    ],
    "stateList": [
        "ALASKA",
        "ALABAMA",
        "ARKANSAS",
        "AMERICAN SAMOA",
        "ARIZONA",
        "CALIFORNIA",
        "COLORADO",
        "CONNECTICUT",
        "DISTRICT OF COLUMBIA",
        "DELAWARE",
        "U.S. DEPARTMENT OF STATE",
        "U.S. DEPARTMENT OF TRANSPORTATION",
        "U.S. DEPARTMENT OF JUSTICE",
        "FMCSA",
        "FLORIDA",
        "FEDERAL STATE OF MICRONESIA",
        "GEORGIA",
        "GENERAL SERVICE ADMINISTRATION",
        "GUAM",
        "HAWAII",
        "IOWA",
        "IDAHO",
        "ILLINOIS",
        "INDIANA",
        "INTERNAL REVENUE SERVICE",
        "KANSAS",
        "KENTUCKY",
        "LOUISIANA",
        "MASSACHUSETTS",
        "MARYLAND",
        "MAINE",
        "MARSHALL ISLANDS",
        "MICHIGAN",
        "MINNESOTA",
        "MISSOURI",
        "MISSISSIPPI",
        "MONTANA",
        "NORTH CAROLINA",
        "NORTH DAKOTA",
        "NEBRASKA",
        "NEW HAMPSHIRE",
        "NORTHERN MARIANA ISLANDS",
        "NEW JERSEY",
        "NEW MEXICO",
        "NEVADA",
        "NEW YORK",
        "OHIO",
        "OKLAHOMA",
        "OREGON",
        "PENNSYLVANIA",
        "PUERTO RICO",
        "RHODE ISLAND",
        "SOUTH CAROLINA",
        "SOUTH DAKOTA",
        "TENNESSEE",
        "TSA",
        "TEXAS",
        "UTAH",
        "VIRGINIA",
        "U.S. VIRGIN ISLANDS",
        "VERMONT",
        "WASHINGTON",
        "WISCONSIN",
        "WAKE ISLAND",
        "WEST VIRGINIA",
        "WYOMING"
      ],
      "countryList": [
        "AFGHANISTAN",
        "ALBANIA",
        "ALGERIA",
        "ANDORRA",
        "ANGOLA",
        "ANGUILLA",
        "ANTARCTICA",
        "ANTIGUA AND BARBUDA",
        "ARCTIC OCEAN",
        "ARGENTINA",
        "ARMENIA",
        "ARUBA",
        "AMERICAN SAMOA",
        "ASHMORE AND CARTIER ISLANDS",
        "AUSTRIA",
        "AUSTRALIA",
        "ATLANTIC OCEAN",
        "AZERBAIJAN",
        "BAHAMAS, THE",
        "BAHRAIN",
        "BAKER ISLAND",
        "BANGLADESH",
        "BARBADOS",
        "BASSAS DA INDIA",
        "BELARUS",
        "BELGIUM",
        "BELIZE",
        "BENIN",
        "BERMUDA",
        "BHUTAN",
        "BOLIVIA",
        "BOSNIA AND HERZEGOVINA",
        "BOTSWANA",
        "BOUVET ISLAND",
        "BRAZIL",
        "BRUNEI",
        "BRITISH VIRGIN ISLANDS",
        "BULGARIA",
        "BURKINA FASO",
        "UNITED STATES"
      ]
      
    
}